1,google.com,https://www.google.com/intl/en_us/business/website-builder/
2,youtube.com,https://www.youtube.com/
3,tmall.com,https://www.tmall.com/
4,baidu.com,http://www.baidu.com/
5,sohu.com,http://sohu.com/
7,login.tmall.com,https://login.tmall.com/
8,facebook.com,https://www.facebook.com/
10,wikipedia.org,https://www.wikipedia.org/
11,yahoo.com,https://www.yahoo.com/
14,amazon.com,https://www.amazon.com/
15,sina.com.cn,https://www.sina.com.cn/
18,weibo.com,https://www.weibo.com/us
19,reddit.com,https://www.reddit.com/
20,vk.com,https://vk.com/
21,office.com,https://www.office.com/
23,netflix.com,https://www.netflix.com/
24,xinhuanet.com,http://xinhuanet.com/
25,okezone.com,https://www.okezone.com/
26,yahoo.co.jp,https://www.yahoo.co.jp/
28,microsoft.com,https://www.microsoft.com/en-us/
29,csdn.net,https://www.csdn.net/
30,bing.com,https://www.bing.com/?toHttps=1&redig=F236FCDC5C06468D9A6D5F1190E37BBA
31,amazon.in,https://www.amazon.in/
32,stackoverflow.com,https://stackoverflow.com/
33,instagram.com,https://www.instagram.com/
34,livejasmin.com,https://www.livejasmin.com/en/girls/?utm_campaign=main&utm_medium=other&utm_source=promotools&utm_content=redirect
36,ebay.com,https://www.ebay.com/
37,google.co.in,https://www.google.co.in/?gws_rd=ssl
38,aliexpress.com,https://www.aliexpress.com/
39,twitter.com,https://twitter.com/
40,panda.tv,http://panda.tv/
41,amazon.co.jp,https://www.amazon.co.jp/
42,naver.com,https://www.naver.com/
43,msn.com,https://www.msn.com/
44,tribunnews.com,https://www.tribunnews.com/
46,apple.com,https://www.apple.com/
47,twitch.tv,https://www.twitch.tv/
48,zhanqi.tv,https://www.zhanqi.tv/
49,dropbox.com,https://www.dropbox.com/?landing=dbv2
50,tianya.cn,http://www.tianya.cn/
52,pornhub.com,https://www.pornhub.com/
53,yandex.ru,https://yandex.ru/
54,mail.ru,https://mail.ru/
56,wordpress.com,https://wordpress.com/
57,adobe.com,https://www.adobe.com/
58,china.com.cn,http://www.china.com.cn/
59,hao123.com,https://www.hao123.com/
60,flipkart.com,https://www.flipkart.com/
61,linkedin.com,https://www.linkedin.com/
62,soso.com,http://soso.com/
65,google.com.br,https://www.google.com.br/?gws_rd=ssl
66,godaddy.com,https://www.godaddy.com/
67,google.co.jp,https://www.google.co.jp/?gws_rd=ssl
68,bongacams.com,https://bongacams.com/
69,myshopify.com,http://myshopify.com/
70,canva.com,https://www.canva.com/
72,google.de,https://www.google.de/?gws_rd=ssl
73,booking.com,https://www.booking.com/
74,spotify.com,https://www.spotify.com/us/
75,medium.com,https://medium.com/
76,xvideos.com,https://www.xvideos.com/
77,whatsapp.com,https://www.whatsapp.com/
78,yy.com,https://www.yy.com/
79,bbc.com,https://www.bbc.com/
80,so.com,https://www.so.com/?src=haosou.com
81,rednet.cn,http://www.rednet.cn/index.html
83,cnn.com,https://www.cnn.com/
84,rakuten.co.jp,https://www.rakuten.co.jp/
85,detik.com,http://www.detik.com/
86,babytree.com,http://babytree.com/
87,tumblr.com,https://www.tumblr.com/
88,espn.com,https://www.espn.com/
89,amazon.co.uk,https://www.amazon.co.uk/
90,google.ru,https://www.google.ru/?gws_rd=ssl
91,pixnet.net,https://www.pixnet.net/
92,huanqiu.com,http://www.huanqiu.com/
93,indeed.com,https://www.indeed.com/assessments
94,google.fr,https://www.google.fr/?gws_rd=ssl
95,amazon.de,https://www.amazon.de/
96,soundcloud.com,https://soundcloud.com/
98,google.es,https://www.google.es/?gws_rd=ssl
99,bilibili.com,https://www.bilibili.com/
101,stackexchange.com,https://stackexchange.com/
102,aparat.com,https://www.aparat.com/
103,imgur.com,https://imgur.com/
104,xhamster.com,https://xhamster.com/
105,paypal.com,https://www.paypal.com/us/home
107,google.it,https://www.google.it/?gws_rd=ssl
109,fandom.com,https://www.fandom.com/
110,github.com,https://github.com/
111,17ok.com,http://www.17ok.com/mobile/
112,thestartmagazine.com,https://thestartmagazine.com/feed/summary
113,shutterstock.com,https://www.shutterstock.com/
114,google.com.tw,https://www.google.com.tw/?gws_rd=ssl
115,instructure.com,https://www.instructure.com/
116,nih.gov,https://www.nih.gov/
117,wetransfer.com,https://wetransfer.com/
118,globo.com,https://www.globo.com/
119,ladbible.com,https://www.ladbible.com/
120,freepik.com,https://www.freepik.com/
121,fiverr.com,https://www.fiverr.com/
122,jrj.com.cn,http://www.jrj.com.cn/
123,shopify.com,https://www.shopify.com/
125,google.com.mx,https://www.google.com.mx/?gws_rd=ssl
126,metropoles.com,https://www.metropoles.com/
128,walmart.com,https://www.walmart.com/
129,chase.com,https://www.chase.com/
130,roblox.com,https://www.roblox.com/
131,slideshare.net,https://www.slideshare.net/
132,cnet.com,https://www.cnet.com/
134,pinterest.com,https://www.pinterest.com/
135,salesforce.com,https://salesforce.com/
135,salesforce.com,https://www.salesforce.com/products/marketing-cloud/email-marketing/?d=exacttarget.com/&internal=true
136,sogou.com,https://www.sogou.com/
137,kompas.com,https://www.kompas.com/
138,zendesk.com,https://www.zendesk.com/
139,mercadolivre.com.br,https://www.mercadolivre.com.br/
140,wikihow.com,https://www.wikihow.com/Main-Page
141,uol.com.br,https://www.uol.com.br/esporte/
143,etsy.com,https://www.etsy.com/
144,t.co,https://t.co/
145,google.com.tr,https://www.google.com.tr/?gws_rd=ssl
146,google.co.uk,https://www.google.co.uk/?gws_rd=ssl
148,digikala.com,https://www.digikala.com/
149,liputan6.com,https://www.liputan6.com/
150,line.me,https://line.me/en-US/
151,alibaba.com,https://www.alibaba.com/
153,discordapp.com,https://discordapp.com/
155,intuit.com,https://www.intuit.com/
156,okta.com,https://www.okta.com/
157,yao.tmall.com,http://yao.tmall.com/
158,udemy.com,https://www.udemy.com/
159,grammarly.com,https://www.grammarly.com/
160,avito.ru,https://www.avito.ru/rossiya
162,archive.org,https://archive.org/
163,bet9ja.com,https://bet9ja.com/
164,google.com.sg,https://www.google.com.sg/?gws_rd=ssl
165,ebay.de,https://www.ebay.de/
166,vimeo.com,https://vimeo.com/
167,1688.com,https://www.1688.com/
170,forbes.com,https://www.forbes.com/#431a25ad2254
171,researchgate.net,https://www.researchgate.net/
173,nicovideo.jp,https://www.nicovideo.jp/
174,chouftv.ma,https://chouftv.ma/
175,baike.com,http://www.baike.com/
176,wellsfargo.com,https://www.wellsfargo.com/
177,zillow.com,https://www.zillow.com/
178,daum.net,https://www.daum.net/
180,telegram.org,https://telegram.org/
181,xnxx.com,https://www.xnxx.com/
182,mediafire.com,https://www.mediafire.com/
183,vice.com,https://www.vice.com/en_us
184,w3schools.com,https://www.w3schools.com/
185,otvfoco.com.br,https://www.otvfoco.com.br/
186,scribd.com,https://www.scribd.com/
188,6.cn,https://www.6.cn/
189,sindonews.com,https://www.sindonews.com/
190,duckduckgo.com,https://duckduckgo.com/
191,ask.com,https://www.ask.com/
192,google.ca,https://www.google.ca/?gws_rd=ssl
193,speedtest.net,https://www.speedtest.net/
194,gome.com.cn,https://www.gome.com.cn/
195,gfycat.com,https://gfycat.com/
197,google.com.sa,https://www.google.com.sa/?gws_rd=ssl
198,amazon.es,https://www.amazon.es/
199,3c.tmall.com,https://3c.tmall.com/
200,y2mate.com,https://y2mate.com/
202,google.com.eg,https://www.google.com.eg/?gws_rd=ssl
203,wix.com,https://www.wix.com/
204,taboola.com,https://www.taboola.com/
205,icicibank.com,https://www.icicibank.com/
208,bestbuy.com,https://www.bestbuy.com/
209,trello.com,https://trello.com/
212,amazon.ca,https://www.amazon.ca/
214,newstrend.news,https://www.newstrend.news/
215,hotstar.com,https://www.hotstar.com/
216,amazon.it,https://www.amazon.it/
218,youm7.com,https://www.youm7.com/
219,academia.edu,https://www.academia.edu/
221,evernote.com,https://evernote.com/
222,google.co.id,https://www.google.co.id/?gws_rd=ssl
224,cricbuzz.com,https://www.cricbuzz.com/
225,fc2.com,https://fc2.com/
228,abs-cbn.com,https://www.abs-cbn.com/
229,google.co.th,https://www.google.co.th/?gws_rd=ssl
231,airbnb.com,https://www.airbnb.com/
232,capitalone.com,https://www.capitalone.com/
233,momoshop.com.tw,https://www.momoshop.com.tw/main/Main.jsp
234,ilovepdf.com,https://www.ilovepdf.com/
235,reverso.net,http://www.reverso.net/text_translation.aspx?lang=EN
237,thepiratebay.org,https://thepiratebay.org/
238,youporn.com,https://www.youporn.com/
239,thesaurus.com,https://www.thesaurus.com/
240,box.com,https://www.box.com/
241,messenger.com,https://www.messenger.com/
242,sciencedirect.com,https://www.sciencedirect.com/
243,varzesh3.com,https://www.varzesh3.com/
244,quora.com,https://www.quora.com/
245,mega.nz,https://mega.nz/
246,smallpdf.com,https://smallpdf.com/
247,larati.net,http://larati.net/
248,weather.com,https://weather.com/
249,weebly.com,https://www.weebly.com/
250,quizlet.com,https://quizlet.com/
251,amazon.fr,https://www.amazon.fr/
254,spankbang.com,https://spankbang.com/
256,ebay.co.uk,https://www.ebay.co.uk/
258,food.tmall.com,https://food.tmall.com/
259,usps.com,https://www.usps.com/
260,ikea.com,https://www.ikea.com/
261,primevideo.com,https://www.primevideo.com/
263,asos.com,https://www.asos.com/
264,hulu.com,https://www.hulu.com/welcome
265,blogger.com,https://www.blogger.com/about/?r=1-null_user
266,ups.com,https://www.ups.com/us/en/global.page
267,tripadvisor.com,https://www.tripadvisor.com/
268,eventbrite.com,https://www.eventbrite.com/
269,eastday.com,http://eastday.com/
270,zoom.us,https://zoom.us/
271,breitbart.com,https://www.breitbart.com/
273,nvzhuang.tmall.com,https://nvzhuang.tmall.com/
274,mozilla.org,https://www.mozilla.org/en-US/
276,163.com,https://www.163.com/
278,allegro.pl,https://allegro.pl/
281,glassdoor.com,https://www.glassdoor.com/index.htm
282,onlinevideoconverter.com,https://www.onlinevideoconverter.com/
284,zhihu.com,https://www.zhihu.com/signin?next=%2F
285,sberbank.ru,https://www.sberbank.ru/ru/person
286,popads.net,https://www.popads.net/
287,surveymonkey.com,https://www.surveymonkey.com/
289,pexels.com,https://www.pexels.com/
292,yts.lt,https://yts.lt/
293,tistory.com,https://www.tistory.com/
295,wordreference.com,https://www.wordreference.com/
296,google.pl,https://www.google.pl/?gws_rd=ssl
297,iqoption.com,https://iqoption.com/en
298,state.gov,https://www.state.gov/
299,behance.net,https://www.behance.net/
300,sahibinden.com,https://www.sahibinden.com/
301,khanacademy.org,https://www.khanacademy.org/
303,giphy.com,https://giphy.com/
304,gosuslugi.ru,https://www.gosuslugi.ru/
305,patch.com,https://patch.com/
306,shaparak.ir,https://shaparak.ir/
307,tradingview.com,https://www.tradingview.com/
308,gamepedia.com,https://www.gamepedia.com/
309,ameblo.jp,https://ameblo.jp/
310,elbalad.news,https://www.elbalad.news/
311,cnblogs.com,https://www.cnblogs.com/
312,secureserver.net,https://www.secureserver.net/
313,cnbc.com,https://www.cnbc.com/
314,hootsuite.com,https://hootsuite.com/
315,kumparan.com,https://kumparan.com/
316,buzzfeed.com,https://www.buzzfeed.com/
317,mercadolibre.com.ar,https://www.mercadolibre.com.ar/
318,dmm.co.jp,http://www.dmm.co.jp/
319,geeksforgeeks.org,https://www.geeksforgeeks.org/
320,namnak.com,http://namnak.com/
323,sex.com,https://www.sex.com/
324,goodreads.com,https://www.goodreads.com/
326,envato.com,https://envato.com/
327,squarespace.com,https://www.squarespace.com/
329,douban.com,https://www.douban.com/
331,mgid.com,https://www.mgid.com/
332,google.com.au,https://www.google.com.au/?gws_rd=ssl
333,namasha.com,https://www.namasha.com/
337,kinopoisk.ru,https://www.kinopoisk.ru/
340,espncricinfo.com,https://www.espncricinfo.com/
341,google.co.kr,https://www.google.co.kr/?gws_rd=ssl
343,outbrain.com,https://www.outbrain.com/
344,kakaku.com,https://kakaku.com/
345,ensonhaber.com,https://www.ensonhaber.com/
347,homedepot.com,https://www.homedepot.com/
348,ebc.net.tw,https://ebc.net.tw/
349,neiyi.tmall.com,https://neiyi.tmall.com/
350,telewebion.com,https://www.telewebion.com/
353,pulzo.com,https://www.pulzo.com/
354,google.gr,https://www.google.gr/?gws_rd=ssl
355,gmw.cn,http://gmw.cn/
357,deviantart.com,https://www.deviantart.com/
361,livejournal.com,https://www.livejournal.com/
363,google.com.ua,https://www.google.com.ua/?gws_rd=ssl
364,ecosia.org,https://www.ecosia.org/
365,samsung.com,https://www.samsung.com/us/
366,idntimes.com,https://www.idntimes.com/
368,bloomberg.com,https://www.bloomberg.com/
369,divar.ir,https://divar.ir/
375,biobiochile.cl,https://www.biobiochile.cl/
376,gmx.net,https://www.gmx.net/
377,rt.com,https://www.rt.com/
378,flaticon.com,https://www.flaticon.com/
380,xfinity.com,https://www.xfinity.com/
381,issuu.com,https://issuu.com/
382,rakuten.com,https://www.rakuten.com/
385,mercadolibre.com.mx,https://www.mercadolibre.com.mx/
387,bitbucket.org,https://bitbucket.org/
388,naukri.com,https://www.naukri.com/
389,wish.com,https://www.wish.com/
392,albawabhnews.com,https://www.albawabhnews.com/
393,adp.com,https://www.adp.com/
394,amazon.cn,https://www.amazon.cn/
395,olx.ua,https://www.olx.ua/
396,err.tmall.com,http://err.tmall.com/error1.html
397,51.la,https://www.51.la/
400,douyu.com,https://www.douyu.com/
403,miao.tmall.com,https://miao.tmall.com/
405,ouedkniss.com,https://www.ouedkniss.com/?
406,patreon.com,https://www.patreon.com/
409,myntra.com,https://www.myntra.com/
410,zippyshare.com,https://zippyshare.com/
411,n11.com,https://www.n11.com/
415,web.de,https://web.de/
416,prnt.sc,https://prnt.sc/
417,target.com,https://www.target.com/
419,myhome.tmall.com,https://myhome.tmall.com/
420,dell.com,https://www.dell.com/en-us
421,104.com.tw,https://www.104.com.tw/jobs/main/
422,alodokter.com,https://www.alodokter.com/
423,google.com.vn,https://www.google.com.vn/?gws_rd=ssl
424,rutracker.org,http://rutracker.org/forum/index.php
425,skype.com,https://www.skype.com/en/
426,fidelity.com,https://www.fidelity.com/
427,pixiv.net,https://www.pixiv.net/
428,google.ro,https://www.google.ro/?gws_rd=ssl
429,jw.org,https://www.jw.org/en/
430,yandex.com,https://yandex.com/
431,zoho.com,https://www.zoho.com/
432,1337x.to,https://1337x.to/
433,indiamart.com,https://www.indiamart.com/
435,minutoneuquen.com,https://www.minutoneuquen.com/
436,go.com,http://go.com/
437,rediff.com,https://www.rediff.com/
438,namu.wiki,https://namu.wiki/w/%EB%82%98%EB%AC%B4%EC%9C%84%ED%82%A4:%EB%8C%80%EB%AC%B8
439,springer.com,https://www.springer.com/us
442,kapanlagi.com,https://www.kapanlagi.com/
443,oracle.com,https://www.oracle.com/corporate/acquisitions/selectminds/
444,nike.com,https://www.nike.com/
446,realtor.com,https://www.realtor.com/
447,trustpilot.com,https://www.trustpilot.com/
450,mi.com,https://www.mi.com/us
455,tabelog.com,https://tabelog.com/
459,livedoor.com,http://www.livedoor.com/
460,ninisite.com,https://www.ninisite.com/
461,marca.com,https://www.marca.com/
462,google.com.pk,https://www.google.com.pk/?gws_rd=ssl
463,cdstm.cn,https://www.cdstm.cn/
464,bankofamerica.com,https://www.bankofamerica.com/
465,freelancer.com,https://www.freelancer.com/
466,google.cl,https://www.google.cl/?gws_rd=ssl
467,expedia.com,https://www.expedia.com/
468,wiktionary.org,https://www.wiktionary.org/
469,etnet.com.hk,http://www.etnet.com.hk/www/tc/home/index.php
470,lifo.gr,https://www.lifo.gr/
471,hm.com,https://www.hm.com/entrance.ahtml?orguri=%2F
472,cbssports.com,https://www.cbssports.com/
473,ebay.com.au,https://www.ebay.com.au/
474,ca.gov,https://www.ca.gov/
475,coursera.org,https://www.coursera.org/
477,bancodevenezuela.com,http://bancodevenezuela.com/
478,impress.co.jp,https://www.impress.co.jp/
480,gsmarena.com,https://www.gsmarena.com/
482,free.fr,https://www.free.fr/freebox
487,redtube.com,https://www.redtube.com/
488,goo.ne.jp,https://www.goo.ne.jp/
489,chegg.com,https://www.chegg.com/
490,olx.pl,https://www.olx.pl/
491,onet.pl,https://www.onet.pl/
492,dribbble.com,https://dribbble.com/
493,verystream.com,https://verystream.com/
494,dmm.com,https://www.dmm.com/
495,td.com,https://www.td.com/us/en/personal-banking/
497,hespress.com,https://www.hespress.com/
499,mailchimp.com,https://mailchimp.com/
504,qualtrics.com,https://www.qualtrics.com/
505,weblio.jp,https://www.weblio.jp/
506,elpais.com,https://elpais.com/elpais/portada_america.html
508,slickdeals.net,https://slickdeals.net/
509,jiwu.com,http://www.jiwu.com/
510,haoyer.com,http://haoyer.com/
513,merriam-webster.com,https://www.merriam-webster.com/
514,paytm.com,https://paytm.com/
517,sportbible.com,https://www.sportbible.com/
519,sarkariresult.com,https://www.sarkariresult.com/
520,bzw315.com,https://www.bzw315.com/
522,ticketmaster.com,https://www.ticketmaster.com/
523,nfl.com,https://www.nfl.com/
524,ndtv.com,https://www.ndtv.com/
526,wattpad.com,https://www.wattpad.com/
528,uupo.icu,https://uupo.icu/
529,ouo.io,https://ouo.io/
531,investopedia.com,https://www.investopedia.com/
532,caixa.gov.br,http://www.caixa.gov.br/Paginas/home-caixa.aspx
534,lazada.sg,https://www.lazada.sg/
536,collegeboard.org,https://www.collegeboard.org/
537,google.com.co,https://www.google.com.co/?gws_rd=ssl
539,mathrubhumi.com,https://www.mathrubhumi.com/
540,google.com.pe,https://www.google.com.pe/?gws_rd=ssl
541,klix.ba,https://www.klix.ba/
542,heavy.com,https://heavy.com/
543,gotomeeting.com,https://www.gotomeeting.com/webinar
545,huffpost.com,https://www.huffpost.com/
546,google.dz,https://www.google.dz/?gws_rd=ssl
547,youku.com,https://youku.com/
548,hotels.com,https://www.hotels.com/
549,europa.eu,https://europa.eu/
551,farsnews.com,https://www.farsnews.com/
553,eksisozluk.com,https://eksisozluk.com/
554,nbcnews.com,https://www.nbcnews.com/
555,dkn.tv,https://www.dkn.tv/
562,xe.com,https://www.xe.com/
563,andhrajyothy.com,https://www.andhrajyothy.com/
564,google.co.za,https://www.google.co.za/?gws_rd=ssl
565,wp.pl,https://www.wp.pl/
566,mileroticos.com,https://www.mileroticos.com/
568,duolingo.com,https://www.duolingo.com/
571,in.gr,https://www.in.gr/
572,wildberries.ru,https://www.wildberries.ru/
573,dcinside.com,https://www.dcinside.com/
576,buffer.com,https://buffer.com/
577,billdesk.com,https://billdesk.com/
578,delta.com,https://www.delta.com/
579,youdao.com,http://youdao.com/
580,livescore.com,https://www.livescore.com/
582,kinokrad.co,https://kinokrad.co/
583,amazon.com.mx,https://www.amazon.com.mx/
584,kemdikbud.go.id,https://www.kemdikbud.go.id/
585,banggood.com,https://www.banggood.com/?akmClientCountry=America&
586,mlb.com,https://www.mlb.com/
588,nownews.com,https://www.nownews.com/
591,cncn.org.cn,http://cncn.org.cn/
592,istockphoto.com,https://www.istockphoto.com/
593,asus.com,https://www.asus.com/us/
595,flvto.biz,https://www.flvto.biz/
596,macys.com,https://www.macys.com/
598,lun.com,http://www.lun.com/
599,americanexpress.com,https://www.americanexpress.com/
602,cryptobrowser.site,https://cryptobrowser.site/en/
603,chess.com,https://www.chess.com/
604,timeanddate.com,https://www.timeanddate.com/
605,rottentomatoes.com,https://rottentomatoes.com/
606,ibps.in,https://ibps.in/
608,xero.com,https://www.xero.com/us/
609,trendyol.com,https://www.trendyol.com/
611,beytoote.com,https://www.beytoote.com/
612,farfetch.com,https://www.farfetch.com/
615,crunchyroll.com,https://www.crunchyroll.com/
616,makemytrip.com,https://www.makemytrip.com/
617,google.az,https://www.google.az/?gws_rd=ssl
618,elintransigente.com,https://elintransigente.com/
619,amazon.com.br,https://www.amazon.com.br/
621,wiley.com,https://www.wiley.com/en-us
622,filimo.com,https://www.filimo.com/
623,groupon.com,https://www.groupon.com/
624,torrentwal.com,https://torrentwal.com/
625,feedly.com,https://feedly.com/i/welcome
626,mercari.com,https://www.mercari.com/
627,rarbg.to,http://rarbg.to/index70.php
628,aksam.com.tr,http://aksam.com.tr/
630,hotmart.com,https://www.hotmart.com/en
631,lenovo.com,https://www.lenovo.com/us/en/
632,olx.com.br,https://olx.com.br/
633,gmanetwork.com,https://www.gmanetwork.com/
634,avgle.com,https://avgle.com/
635,turkiye.gov.tr,https://www.turkiye.gov.tr/
636,mercadolibre.com.ve,https://www.mercadolibre.com.ve/
639,futbin.com,https://www.futbin.com/
641,elfagr.com,https://www.elfagr.com/
642,npr.org,https://www.npr.org/
643,gearbest.com,https://www.gearbest.com/
644,britannica.com,https://www.britannica.com/
645,hubspot.com,https://www.hubspot.com/
646,baby.tmall.com,https://baby.tmall.com/
648,americanas.com.br,https://www.americanas.com.br/
649,hh.ru,https://hh.ru/
651,depositphotos.com,https://depositphotos.com/
653,exoclick.com,https://www.exoclick.com/
654,verizonwireless.com,https://www.verizonwireless.com/?intcmp=vzwdom
655,united.com,https://www.united.com/en/us
660,semanticscholar.org,https://www.semanticscholar.org/
661,animeflv.net,https://animeflv.net/
663,elcomercio.com,https://www.elcomercio.com/
664,orange.fr,https://www.orange.fr/portail
665,addthis.com,https://www.addthis.com/
666,ultimate-guitar.com,https://www.ultimate-guitar.com/
667,irs.gov,https://www.irs.gov/
669,jianshu.com,https://www.jianshu.com/
670,ria.ru,https://ria.ru/
671,woof.tube,https://woof.tube/
672,wayfair.com,https://www.wayfair.com/
673,study.com,https://study.com/
674,mynavi.jp,https://www.mynavi.jp/
675,kooora.com,https://www.kooora.com/
676,lifewire.com,https://www.lifewire.com/
677,rbc.ru,https://www.rbc.ru/
678,google.be,https://www.google.be/?gws_rd=ssl
679,playstation.com,https://www.playstation.com/en-us/
680,ccleaner.com,https://www.ccleaner.com/
681,google.ch,https://www.google.ch/?gws_rd=ssl
682,sonhoo.com,http://www.sonhoo.com/
687,myanimelist.net,https://myanimelist.net/
688,zomato.com,https://www.zomato.com/mecca-ca
689,bitly.com,https://bitly.com/
690,discover.com,https://www.discover.com/
691,coursehero.com,https://www.coursehero.com/
692,ign.com,https://www.ign.com/
693,subito.it,https://www.subito.it/
695,padlet.com,https://padlet.com/
696,mawdoo3.com,https://mawdoo3.com/
697,gyazo.com,https://gyazo.com/
698,unsplash.com,https://unsplash.com/
699,dawn.com,https://www.dawn.com/
701,ed.gov,https://www.ed.gov/
702,techradar.com,https://www.techradar.com/
704,neobux.com,https://www.neobux.com/
705,ea.com,https://www.ea.com/
706,nvxie.tmall.com,https://nvxie.tmall.com/
707,epfindia.gov.in,https://www.epfindia.gov.in/site_en/index.php
708,urdupoint.com,https://www.urdupoint.com/
709,lenta.ru,https://lenta.ru/
710,gjirafa.com,https://gjirafa.com/
712,inven.co.kr,http://www.inven.co.kr/webzine/
714,eluniverso.com,https://www.eluniverso.com/
715,openload.co,https://openload.co/
720,so3ody.com,https://www.so3ody.com/
722,amazon.com.au,https://www.amazon.com.au/
724,vidio.com,https://www.vidio.com/
725,bankmellat.ir,https://bankmellat.ir/default.aspx
727,plurk.com,https://www.plurk.com/portal/
728,nhl.com,https://www.nhl.com/
729,searchdimension.com,https://searchdimension.com/
730,drudgereport.com,https://drudgereport.com/
731,znanija.com,https://znanija.com/
735,sci-hub.tw,http://sci-hub.tw/
740,efu.com.cn,http://www.efu.com.cn/
741,91jm.com,http://www.91jm.com/
742,cisco.com,https://www.cisco.com/
744,nanxie.tmall.com,https://nanxie.tmall.com/
745,pantip.com,http://pantip.com/
748,dnevnik.ru,https://dnevnik.ru/
749,upwork.com,https://www.upwork.com/
751,discogs.com,https://www.discogs.com/
752,subscene.com,https://subscene.com/
754,creditonebank.com,https://www.creditonebank.com/
755,hatenablog.com,https://hatenablog.com/
758,beeg.com,https://beeg.com/
760,bhphotovideo.com,https://www.bhphotovideo.com/
761,gusuwang.com,http://www.gusuwang.com/
762,fast.com,https://fast.com/
764,kayak.com,https://www.kayak.com/
765,kinogo.by,https://kinogo.by/
767,pchome.com.tw,https://www.pchome.com.tw/
768,costco.com,https://www.costco.com/
769,afip.gob.ar,http://afip.gob.ar/sitio/externos/default.asp
770,sozcu.com.tr,https://www.sozcu.com.tr/
772,squareup.com,https://squareup.com/us/en
773,epicgames.com,https://www.epicgames.com/store/en-US/
774,dbs.com.sg,https://www.dbs.com.sg/index/default.page
775,storm.mg,https://www.storm.mg/
777,canada.ca,https://www.canada.ca/en/revenue-agency/cra-canada.html?utm_campaign=not-applicable&utm_medium=redirect&utm_source=cra-arc.gc.ca_redirect
778,zara.com,https://www.zara.com/
779,wondershare.com,https://www.wondershare.com/
781,incometaxindiaefiling.gov.in,https://www.incometaxindiaefiling.gov.in/home
782,seasonvar.ru,http://seasonvar.ru/
783,mobile.de,https://www.mobile.de/
785,internetdownloadmanager.com,http://internetdownloadmanager.com/
786,asahi.com,https://www.asahi.com/
787,icloud.com,https://www.icloud.com/
788,sports.tmall.com,https://sports.tmall.com/
789,gamer.com.tw,https://www.gamer.com.tw/
790,minuto30.com,https://www.minuto30.com/
791,creditkarma.com,https://www.creditkarma.com/
792,gamespot.com,https://www.gamespot.com/
793,nyaa.si,https://nyaa.si/
794,123rf.com,https://www.123rf.com/
795,wt.tmall.com,https://wt.tmall.com/
797,repubblica.it,http://www.repubblica.it/
798,sporx.com,https://www.sporx.com/
801,parivahan.gov.in,https://parivahan.gov.in/parivahan/
803,uber.com,https://www.uber.com/
804,epwk.com,https://www.epwk.com/
806,blockoption.io,https://blockoption.io/
807,narcity.com,https://www.narcity.com/
808,theepochtimes.com,https://www.theepochtimes.com/
809,nanzhuang.tmall.com,https://nanzhuang.tmall.com/
810,fazenda.gov.br,http://fazenda.gov.br/
811,autodesk.com,https://www.autodesk.com/
812,ptt.cc,https://www.ptt.cc/index.html
815,gaana.com,https://gaana.com/
816,javdoe.tv,https://javdoe.tv/
818,gittigidiyor.com,https://www.gittigidiyor.com/
822,jia.tmall.com,http://jia.tmall.com/
823,teamviewer.com,https://www.teamviewer.com/en-us/
824,abola.pt,https://abola.pt/
825,kijiji.ca,https://www.kijiji.ca/
827,thoughtco.com,https://www.thoughtco.com/
829,google.pt,https://www.google.pt/?gws_rd=ssl
834,wordpress.org,https://wordpress.org/
835,dalfak.com,https://www.dalfak.com/
837,pngtree.com,https://pngtree.com/
838,dreamstime.com,https://www.dreamstime.com/
839,viva.co.id,https://www.viva.co.id/
840,correios.com.br,http://correios.com.br/
842,ceconline.com,http://www.ceconline.com/
843,gmarket.co.kr,http://gmarket.co.kr/
844,flickr.com,https://flickr.com/
845,ibicn.com,https://www.ibicn.com/
847,jooble.org,https://jooble.org/
848,shopee.co.id,https://shopee.co.id/
849,cybozu.com,https://www.cybozu.com/jp/
851,telegraph.co.uk,https://www.telegraph.co.uk/
852,biblegateway.com,https://www.biblegateway.com/
854,blibli.com,https://www.blibli.com/
855,2m.ma,http://2m.ma/ar/
857,socialblade.com,https://socialblade.com/
858,aa.com,https://www.aa.com/homePage.do
859,provincial.com,https://provincial.com/
860,voot.com,https://www.voot.com/voting/dance-deewane-season-2/dance-deewane-voting/webview
865,new3c.tmall.com,https://new3c.tmall.com/
866,xianjichina.com,https://www.xianjichina.com/
868,ibm.com,https://www.ibm.com/us-en/?ar=1
869,abril.com.br,https://abril.com.br/
872,popcash.net,http://popcash.net/
873,prom.ua,https://prom.ua/
874,donga.com,http://www.donga.com/
875,ku.tmall.com,https://ku.tmall.com/
877,ipo.hk,http://www.ipo.hk/
878,people.com,https://people.com/
879,freejobalert.com,http://www.freejobalert.com/
880,hamariweb.com,https://hamariweb.com/
883,nvsp.in,https://nvsp.in/
884,fantasypros.com,https://www.fantasypros.com/
885,skroutz.gr,https://www.skroutz.gr/
887,cnbcindonesia.com,https://www.cnbcindonesia.com/
888,5ch.net,https://5ch.net/
891,spiegel.de,https://www.spiegel.de/
892,jstor.org,https://www.jstor.org/
893,google.co.ao,https://www.google.co.ao/?gws_rd=ssl
894,ih5.cn,https://www.ih5.cn/not-logged-in
895,joqalbania.com,http://joqalbania.com/
896,thedailybeast.com,https://www.thedailybeast.com/
897,lowes.com,https://www.lowes.com/
898,superuser.com,https://superuser.com/
899,ojooo.com,https://ojooo.com/
901,vidstream.to,http://vidstream.to/
902,maybank2u.com.my,https://www.maybank2u.com.my/home/m2u/common/login.do
903,sakshi.com,https://www.sakshi.com/
904,chip.de,https://www.chip.de/
906,medicalnewstoday.com,https://www.medicalnewstoday.com/
907,kknews.cc,https://kknews.cc/
910,google.com.my,https://www.google.com.my/?gws_rd=ssl
912,dagospia.com,https://www.dagospia.com/
913,e-hentai.org,http://e-hentai.org/
914,teacherspayteachers.com,https://www.teacherspayteachers.com/
915,uidai.gov.in,https://uidai.gov.in/
916,harvard.edu,https://www.harvard.edu/
917,usbank.com,https://www.usbank.com/index.html
918,avast.com,https://www.avast.com/en-us/index#pc
922,google.nl,https://www.google.nl/?gws_rd=ssl
923,ryanair.com,https://www.ryanair.com/us/en/
924,afreecatv.com,http://afreecatv.com/
925,nairaland.com,https://www.nairaland.com/
926,bag.tmall.com,https://bag.tmall.com/
927,sonyliv.com,https://www.sonyliv.com/
928,howtogeek.com,https://www.howtogeek.com/
929,cbsnews.com,https://www.cbsnews.com/
930,hi.ru,http://hi.ru/
931,newegg.com,https://www.newegg.com/
932,mos.ru,https://www.mos.ru/
933,argaam.com,https://www.argaam.com/
934,bandcamp.com,https://bandcamp.com/
935,ebay.it,https://www.ebay.it/
938,car.tmall.com,https://car.tmall.com/
939,zerodha.com,https://zerodha.com/
940,3dmgame.com,https://www.3dmgame.com/
941,stanford.edu,https://www.stanford.edu/
943,hugedomains.com,https://www.hugedomains.com/domain_profile.cfm?d=87gt2&e=com
943,hugedomains.com,http://hugedomains.com/
945,westernjournal.com,https://www.westernjournal.com/
947,setare.com,https://setare.com/
948,liansuo.com,https://www.liansuo.com/
949,coupang.com,https://www.coupang.com/
950,mayoclinic.org,https://www.mayoclinic.org/
952,qoo10.sg,https://www.qoo10.sg/?__ar=Y
953,eporner.com,https://www.eporner.com/
954,southwest.com,https://www.southwest.com/
957,zougla.gr,https://www.zougla.gr/
958,asana.com,https://asana.com/
961,trulia.com,https://www.trulia.com/
962,sap.com,https://www.sap.com/products/crm/customer-data-management.html
963,enimerotiko.gr,https://www.enimerotiko.gr/
965,latimes.com,https://www.latimes.com/
967,mynet.com,https://www.mynet.com/
970,reclameaqui.com.br,https://www.reclameaqui.com.br/
971,ycombinator.com,https://www.ycombinator.com/
974,avaz.ba,https://avaz.ba/
975,dailycaller.com,https://dailycaller.com/
977,cnbeta.com,https://www.cnbeta.com/
979,haberturk.com,https://www.haberturk.com/
980,google.hu,https://www.google.hu/?gws_rd=ssl
981,laleggepertutti.it,https://www.laleggepertutti.it/
982,hk01.com,https://www.hk01.com/
983,z1.fm,https://z1.fm/
984,spzs.com,http://www.spzs.com/
985,sanjesh.org,http://sanjesh.org/
986,audible.com,https://www.audible.com/
987,sapo.ao,http://www.sapo.ao/
988,viber.com,https://www.viber.com/
990,cdiscount.com,https://www.cdiscount.com/
991,cint.com,https://www.cint.com/
992,privatbank.ua,https://privatbank.ua/
995,flashscore.com,https://www.flashscore.com/
996,kahoot.it,https://kahoot.it/
999,news.com.au,https://www.news.com.au/
1000,rakuten-card.co.jp,https://www.rakuten-card.co.jp/
1001,mashable.com,https://mashable.com/
