1,google.com
2,youtube.com
3,tmall.com
4,baidu.com
5,qq.com
6,sohu.com
7,taobao.com
8,facebook.com
9,login.tmall.com
10,wikipedia.org
11,yahoo.com
12,360.cn
13,jd.com
14,amazon.com
15,sina.com.cn
16,live.com
17,weibo.com
18,pages.tmall.com
19,reddit.com
20,vk.com
21,blogspot.com
22,netflix.com
23,office.com
24,alipay.com
25,csdn.net
26,yahoo.co.jp
27,okezone.com
28,xinhuanet.com
29,babytree.com
30,instagram.com
31,microsoft.com
32,naver.com
33,livejasmin.com
34,bing.com
35,stackoverflow.com
36,google.com.hk
37,tribunnews.com
38,twitter.com
39,ebay.com
40,google.co.in
41,aliexpress.com
42,twitch.tv
43,microsoftonline.com
44,amazon.co.jp
45,msn.com
46,soso.com
47,yandex.ru
48,pornhub.com
49,apple.com
50,wordpress.com
51,tianya.cn
52,mail.ru
53,dropbox.com
54,adobe.com
55,linkedin.com
56,godaddy.com
57,panda.tv
58,zhanqi.tv
59,amazon.in
60,imdb.com
61,espn.com
62,hao123.com
63,google.de
64,booking.com
65,amazonaws.com
66,instructure.com
67,caijing.com.cn
68,china.com.cn
69,google.co.jp
70,so.com
71,bongacams.com
72,mama.cn
73,xvideos.com
74,myshopify.com
75,medium.com
76,google.com.br
77,detik.com
78,canva.com
79,bbc.com
80,blogger.com
81,spotify.com
82,whatsapp.com
83,amazon.co.uk
84,ok.ru
85,amazon.de
86,detail.tmall.com
87,xhamster.com
88,tumblr.com
89,cnn.com
90,indeed.com
91,fandom.com
92,imgur.com
93,aparat.com
94,google.ru
95,sogou.com
96,onlinesbi.com
97,rednet.cn
98,soundcloud.com
99,huanqiu.com
100,pixnet.net
101,google.fr
102,yy.com
103,google.es
104,github.com
105,google.it
106,stackexchange.com
107,google.cn
108,nytimes.com
109,thestartmagazine.com
110,bbc.co.uk
111,paypal.com
112,ettoday.net
113,shutterstock.com
114,nih.gov
115,pinterest.com
116,google.com.mx
117,freepik.com
118,mailchimp.com
119,flipkart.com
120,indiatimes.com
121,uol.com.br
122,slideshare.net
123,1688.com
124,walmart.com
125,wetransfer.com
126,google.com.tw
127,kompas.com
128,salesforce.com
129,17ok.com
130,google.com.sg
131,chase.com
132,theguardian.com
133,globo.com
134,zendesk.com
135,wikihow.com
136,jrj.com.cn
137,sindonews.com
138,fiverr.com
139,liputan6.com
140,cnet.com
141,cnblogs.com
142,roblox.com
143,t.co
144,ltn.com.tw
145,rakuten.co.jp
146,google.com.tr
147,daum.net
148,craigslist.org
149,ebay.de
150,etsy.com